intent_id,global_index,producer_client,payload_sha256,scheduled_ns,accepted_ns,state,claim_client,claimed_ns,completed_ns,fake_receipt_sha256
bm58:34cc4a319eab47ec936817feda34b11f:000000000,0,0,a547d0b5440412b449f5e883eba1bc9c402040ae009af9ffb386002ca20d07c9,230492246000000,230492250000000,COMPLETE,1,230492281000000,230492281000000,a0566b14f7108ea90242961ee1d4768cec69c4c967254b527b0c26bbb976ede3
bm58:34cc4a319eab47ec936817feda34b11f:000000001,1,1,a547d0b5440412b449f5e883eba1bc9c402040ae009af9ffb386002ca20d07c9,230492346000000,230492343000000,COMPLETE,1,230492343000000,230492359000000,1e5a2e1b125d42c9d0f2437036ad62cc4edd6f14a4a9a91d8a334262e4add1fa
bm58:34cc4a319eab47ec936817feda34b11f:000000002,2,0,a547d0b5440412b449f5e883eba1bc9c402040ae009af9ffb386002ca20d07c9,230492446000000,230492453000000,COMPLETE,0,230492453000000,230492453000000,50a475f3b99e689565c767ffa74467d90310dd3f01da0cd8d32643ae86d1b044
bm58:34cc4a319eab47ec936817feda34b11f:000000003,3,1,a547d0b5440412b449f5e883eba1bc9c402040ae009af9ffb386002ca20d07c9,230492546000000,230492546000000,COMPLETE,1,230492562000000,230492562000000,1e5aa18c1c93fcef8d43ea609b75c0d9a185a5d444ebf1cef950f88e1c2b11f0
bm58:34cc4a319eab47ec936817feda34b11f:000000004,4,0,a547d0b5440412b449f5e883eba1bc9c402040ae009af9ffb386002ca20d07c9,230492646000000,230492656000000,COMPLETE,1,230492656000000,230492656000000,8eb2fbe3c49a71a66a2f7ff4beb80de977cbf31047223ba8faa6a4ed4f386bd2
bm58:34cc4a319eab47ec936817feda34b11f:000000005,5,1,a547d0b5440412b449f5e883eba1bc9c402040ae009af9ffb386002ca20d07c9,230492746000000,230492750000000,COMPLETE,1,230492750000000,230492765000000,10d5757681cd479b18dcb02d3a82040d38e92359c260d7859fe64a149c76fa94
bm58:34cc4a319eab47ec936817feda34b11f:000000006,6,0,a547d0b5440412b449f5e883eba1bc9c402040ae009af9ffb386002ca20d07c9,230492846000000,230492843000000,COMPLETE,0,230492843000000,230492843000000,8ee374542d0c01c344e76f771468e4f4c7fed0c747853f2d8ae24120735de66a
bm58:34cc4a319eab47ec936817feda34b11f:000000007,7,1,a547d0b5440412b449f5e883eba1bc9c402040ae009af9ffb386002ca20d07c9,230492946000000,230492953000000,COMPLETE,1,230492953000000,230492953000000,7f84c77baa327483c1efa98684c69e4f701b74589b0b4f501eec6751d69ec0ec
bm58:34cc4a319eab47ec936817feda34b11f:000000008,8,0,a547d0b5440412b449f5e883eba1bc9c402040ae009af9ffb386002ca20d07c9,230493046000000,230493046000000,COMPLETE,1,230493046000000,230493046000000,90126620b01199fc711d6b9d49fc84425e9638f89432588f3938482a8e0c5f7b
bm58:34cc4a319eab47ec936817feda34b11f:000000009,9,1,a547d0b5440412b449f5e883eba1bc9c402040ae009af9ffb386002ca20d07c9,230493146000000,230493140000000,COMPLETE,1,230493140000000,230493156000000,8879ba1dc160234f8aafc81e9137b9b23b4017f27e63e99c1b393721be779d3f
bm58:34cc4a319eab47ec936817feda34b11f:000000010,10,0,a547d0b5440412b449f5e883eba1bc9c402040ae009af9ffb386002ca20d07c9,230493246000000,230493250000000,COMPLETE,0,230493250000000,230493250000000,bd6a0a3f71b240cc7d3df159edac471f72ac42f6aa4270ae9f3165b38f4b29db
bm58:34cc4a319eab47ec936817feda34b11f:000000011,11,1,a547d0b5440412b449f5e883eba1bc9c402040ae009af9ffb386002ca20d07c9,230493346000000,230493359000000,COMPLETE,1,230493359000000,230493359000000,d233b9a7f1a46613555c1866367d993f93424ac5c7b778b4aab8814645e3617d
bm58:34cc4a319eab47ec936817feda34b11f:000000012,12,0,a547d0b5440412b449f5e883eba1bc9c402040ae009af9ffb386002ca20d07c9,230493446000000,230493453000000,COMPLETE,0,230493453000000,230493453000000,9acf847f4e99beb65d2eb91141d0c1bdd15f383d29e510778bc95f5b2c0af283
bm58:34cc4a319eab47ec936817feda34b11f:000000013,13,1,a547d0b5440412b449f5e883eba1bc9c402040ae009af9ffb386002ca20d07c9,230493546000000,230493546000000,COMPLETE,1,230493546000000,230493546000000,8acc860f27dfad46f166695bc53449763cc1f22f16684b6af5fbfafccee7b489
bm58:34cc4a319eab47ec936817feda34b11f:000000014,14,0,a547d0b5440412b449f5e883eba1bc9c402040ae009af9ffb386002ca20d07c9,230493646000000,230493640000000,COMPLETE,0,230493640000000,230493640000000,b424c25482ed488962b1730e2ca85de00bcdfd297e3ab4aa55d756df5132815b
bm58:34cc4a319eab47ec936817feda34b11f:000000015,15,1,a547d0b5440412b449f5e883eba1bc9c402040ae009af9ffb386002ca20d07c9,230493746000000,230493750000000,COMPLETE,1,230493750000000,230493750000000,fe5ee897c754e6a068a065ac3cf338f740d2f4afc796adbc9abd127728c7fd2a
bm58:34cc4a319eab47ec936817feda34b11f:000000016,16,0,a547d0b5440412b449f5e883eba1bc9c402040ae009af9ffb386002ca20d07c9,230493846000000,230493843000000,COMPLETE,0,230493843000000,230493859000000,48d118cccf008614cbfe06fa6a06ec45dccb912b0d0f227fd4c43495714e67a4
bm58:34cc4a319eab47ec936817feda34b11f:000000017,17,1,a547d0b5440412b449f5e883eba1bc9c402040ae009af9ffb386002ca20d07c9,230493946000000,230493937000000,COMPLETE,0,230493937000000,230493953000000,b6c6acac60aa40253eba76322df0478d922a870cc655353eaef0f9958d027447
bm58:34cc4a319eab47ec936817feda34b11f:000000018,18,0,a547d0b5440412b449f5e883eba1bc9c402040ae009af9ffb386002ca20d07c9,230494046000000,230494062000000,COMPLETE,1,230494062000000,230494062000000,484b1f01ceff01c4e684ac8dcd6098a58cd80520c3bab852b668100670720e8a
bm58:34cc4a319eab47ec936817feda34b11f:000000019,19,1,a547d0b5440412b449f5e883eba1bc9c402040ae009af9ffb386002ca20d07c9,230494146000000,230494156000000,COMPLETE,0,230494156000000,230494156000000,5adc6610ec1316c6ac9f920bb0ec7343ab7db88eba71d8a5b1c87a2e4b61fc42
