attempt_id,intent_id,request_client,kind,requested_ns,recorded_ns
bm58:34cc4a319eab47ec936817feda34b11f:000000000:duplicate,bm58:34cc4a319eab47ec936817feda34b11f:000000000,0,DUPLICATE,230492250000000,230492250000000
bm58:34cc4a319eab47ec936817feda34b11f:000000000:primary,bm58:34cc4a319eab47ec936817feda34b11f:000000000,0,ACCEPTED,230492246000000,230492250000000
bm58:34cc4a319eab47ec936817feda34b11f:000000001:primary,bm58:34cc4a319eab47ec936817feda34b11f:000000001,1,ACCEPTED,230492346000000,230492343000000
bm58:34cc4a319eab47ec936817feda34b11f:000000002:primary,bm58:34cc4a319eab47ec936817feda34b11f:000000002,0,ACCEPTED,230492446000000,230492453000000
bm58:34cc4a319eab47ec936817feda34b11f:000000003:primary,bm58:34cc4a319eab47ec936817feda34b11f:000000003,1,ACCEPTED,230492546000000,230492546000000
bm58:34cc4a319eab47ec936817feda34b11f:000000004:primary,bm58:34cc4a319eab47ec936817feda34b11f:000000004,0,ACCEPTED,230492646000000,230492656000000
bm58:34cc4a319eab47ec936817feda34b11f:000000005:primary,bm58:34cc4a319eab47ec936817feda34b11f:000000005,1,ACCEPTED,230492746000000,230492750000000
bm58:34cc4a319eab47ec936817feda34b11f:000000006:primary,bm58:34cc4a319eab47ec936817feda34b11f:000000006,0,ACCEPTED,230492846000000,230492843000000
bm58:34cc4a319eab47ec936817feda34b11f:000000007:primary,bm58:34cc4a319eab47ec936817feda34b11f:000000007,1,ACCEPTED,230492946000000,230492953000000
bm58:34cc4a319eab47ec936817feda34b11f:000000008:primary,bm58:34cc4a319eab47ec936817feda34b11f:000000008,0,ACCEPTED,230493046000000,230493046000000
bm58:34cc4a319eab47ec936817feda34b11f:000000009:primary,bm58:34cc4a319eab47ec936817feda34b11f:000000009,1,ACCEPTED,230493146000000,230493140000000
bm58:34cc4a319eab47ec936817feda34b11f:000000010:duplicate,bm58:34cc4a319eab47ec936817feda34b11f:000000010,0,DUPLICATE,230493250000000,230493250000000
bm58:34cc4a319eab47ec936817feda34b11f:000000010:primary,bm58:34cc4a319eab47ec936817feda34b11f:000000010,0,ACCEPTED,230493246000000,230493250000000
bm58:34cc4a319eab47ec936817feda34b11f:000000011:primary,bm58:34cc4a319eab47ec936817feda34b11f:000000011,1,ACCEPTED,230493346000000,230493359000000
bm58:34cc4a319eab47ec936817feda34b11f:000000012:primary,bm58:34cc4a319eab47ec936817feda34b11f:000000012,0,ACCEPTED,230493446000000,230493453000000
bm58:34cc4a319eab47ec936817feda34b11f:000000013:primary,bm58:34cc4a319eab47ec936817feda34b11f:000000013,1,ACCEPTED,230493546000000,230493546000000
bm58:34cc4a319eab47ec936817feda34b11f:000000014:primary,bm58:34cc4a319eab47ec936817feda34b11f:000000014,0,ACCEPTED,230493646000000,230493640000000
bm58:34cc4a319eab47ec936817feda34b11f:000000015:primary,bm58:34cc4a319eab47ec936817feda34b11f:000000015,1,ACCEPTED,230493746000000,230493750000000
bm58:34cc4a319eab47ec936817feda34b11f:000000016:primary,bm58:34cc4a319eab47ec936817feda34b11f:000000016,0,ACCEPTED,230493846000000,230493843000000
bm58:34cc4a319eab47ec936817feda34b11f:000000017:primary,bm58:34cc4a319eab47ec936817feda34b11f:000000017,1,ACCEPTED,230493946000000,230493937000000
bm58:34cc4a319eab47ec936817feda34b11f:000000018:primary,bm58:34cc4a319eab47ec936817feda34b11f:000000018,0,ACCEPTED,230494046000000,230494062000000
bm58:34cc4a319eab47ec936817feda34b11f:000000019:primary,bm58:34cc4a319eab47ec936817feda34b11f:000000019,1,ACCEPTED,230494146000000,230494156000000
